{
  "model/models-dbg.js": 1707660342465,
  "manifest.json": 1707667628372,
  "controller/View1.controller.js": 1707667519269,
  "controller/App.controller.js": 1707660342461,
  "model/models.js": 1707660342465,
  "Component.js": 1707660342457,
  "Component-dbg.js": 1707660342457,
  "Component.js.map": 1707667628730,
  "controller/App-dbg.controller.js": 1707660342461,
  "controller/App.controller.js.map": 1707667628740,
  "i18n/i18n.properties": 1707660342461,
  "model/models.js.map": 1707667628730,
  "controller/View1-dbg.controller.js": 1707667519269,
  "controller/View1.controller.js.map": 1707667628780,
  "Component-preload.js": 1707667629118,
  "Component-preload.js.map": 1707667629118,
  "view/View1.view.xml": 1707667508841,
  "view/App.view.xml": 1707660342493,
  "css/style.css": 1707660342461,
  "index.html": 1707660342465
}