{
  "view/View1.view.xml": 1707592609239,
  "manifest.json": 1707593222149,
  "controller/View1.controller.js": 1707593056819,
  "controller/App.controller.js": 1706989383589,
  "model/models.js": 1706989383589,
  "Component.js": 1706989383585,
  "model/models-dbg.js": 1706989383589,
  "model/models.js.map": 1707593222370,
  "controller/App-dbg.controller.js": 1706989383589,
  "controller/App.controller.js.map": 1707593222376,
  "controller/View1-dbg.controller.js": 1707593056819,
  "controller/View1.controller.js.map": 1707593222376,
  "Component-dbg.js": 1706989383585,
  "Component.js.map": 1707593222372,
  "Component-preload.js": 1707593222512,
  "Component-preload.js.map": 1707593222512,
  "i18n/i18n.properties": 1706989409900,
  "view/App.view.xml": 1706989383593,
  "css/style.css": 1706989383593,
  "index.html": 1706989383585
}